Threads,Time(min)
1,0.014503029982248943
2,0.008855581283569336
3,0.00854426622390747
4,0.009794036547342936
5,0.00960169235865275
6,0.009251161416371664
7,0.008452967802683512
8,0.013523956139882406
